source_key,title,url,publisher,source_type,reliability,language,format,select,cite_as,license,notes
tn-coc-fr,Code des obligations et des contrats (version française),http://www.legislation.tn/fr/affich-code/Code-des-obligations-et-des-contrats__88,Portail national de l'information juridique (legislation.tn),primary_law,5,fr,html,,COC,"Official text; the portal's reuse terms were not verified",Whole code; lease of things (louage de choses) starts at article 727
tn-coc-ar,مجلة الالتزامات والعقود (النص العربي),http://www.legislation.tn/affich-code/__88,Portail national de l'information juridique (legislation.tn),primary_law,5,ar,html,,COC,"Official text; the portal's reuse terms were not verified",Arabic version of the same code (الفصل = article)
tn-lo-2004-63-fr,"Loi organique n° 2004-63 du 27 juillet 2004, protection des données à caractère personnel",https://www.ins.tn/sites/default/files/2020-04/Loi%2063-2004%20Fr.pdf,Institut National de la Statistique (copy of the law text),primary_law,5,fr,pdf,,LO 2004-63,"Law text; host reuse terms not verified",Hosted by a public institute; not the Journal Officiel itself
tn-lo-2004-63-ar,القانون الأساسي عدد 63 لسنة 2004 المتعلق بحماية المعطيات الشخصية,https://www.inpdp.tn/ressources/loi_2004.pdf,Instance nationale de protection des données personnelles (INPDP),primary_law,5,ar,pdf,,LO 2004-63,"Law text; host reuse terms not verified",Published by the data-protection authority
tn-inpdp-procedures,Procédures de déclaration et d'autorisation (INPDP),https://www.inpdp.tn/Procedures.pdf,Instance nationale de protection des données personnelles (INPDP),regulator,5,fr,pdf,,,"Authority guidance; reuse terms not verified",Language to be confirmed after the first fetch
tn-cdet-2017,Code des droits d'enregistrement et de timbre (édition 2017),https://www.finances.gov.tn/sites/default/files/Code%20des%20droits%20d%27enregistrement%20et%20de%20timbre%202017.pdf,Ministère des Finances,primary_law,5,fr,pdf,,CDET,"Official compilation; reuse terms not verified","2017 edition: amounts may have been changed by later finance laws, a known freshness risk"
tn-mehat-logement-locatif-2014,"Logement locatif et logement produit par la promotion privée: aspects juridiques et fiscaux (N. Belaid, octobre 2014)",https://www.mehat.gov.tn/wp-content/uploads/2024/02/LogementLocatifEtLogementProduitParLaPromotionPriveeAspectsJuridiquesEtFiscauxNBelaidOct2014.pdf,Ministère de l'Équipement et de l'Habitat (study by a law professor),government_guide,4,fr,pdf,,,"Government publication; reuse terms not verified","Study, not law: states registration within 60 days and 20 TND per page"
tn-loi-76-35-recueil,Recueil des textes relatifs aux rapports entre bailleurs et locataires (Imprimerie Officielle),http://www.alliance-tunisie.com/wp-content/uploads/2019/05/Recueil-Textes-Bailleur-Locataire.pdf,Imprimerie Officielle de la République Tunisienne (copy hosted by alliance-tunisie.com),primary_law,4,fr,pdf,,,"Official compilation hosted by a private company; reuse terms not verified","Reliability 4, not 5: the host is not the publisher. Law 76-35 covers only older buildings"
tn-diwan-location,Enregistrement d'un contrat de location,https://www.diwan.tn/fr/article/article_location,Diwan Services Web SARL (diwan.tn),commercial_guide,3,fr,html,,,"Private site; internal retrieval only","The spec's appendix C called this a state portal; the site's about page names a private company (DECISIONS D-037)"
tn-notaire-tunisienumerique,"Location en Tunisie, entre le légal et l'illégal (entretien avec un notaire)",https://www.tunisienumerique.com/location-en-tunisie-entre-le-legal-et-lillegal-me-kamel-ben-mansour-explique-tout-video/,Tunisie Numérique (news site),commercial_guide,3,fr,html,,,"News article; internal retrieval only","News is mapped to commercial_guide (DECISIONS D-037). States residential leases need no registration"
tn-web6-droits-locataire,Droits et devoirs du locataire et du propriétaire en Tunisie (2026),https://web6.tn/blog/droits-devoirs-locataire-proprietaire-tunisie-2026/,web6.tn (blog),blog,2,fr,html,,,"Blog; internal retrieval only",Recommends registering the lease for a fixed fee per page
tn-profiscal-det-ch7-2006,"Les droits d'enregistrement et de timbre, chapitre 7 (cours, version 2006)",https://www.profiscal.com/etudiants/det/det_ch7_06.pdf,Profiscal (tax course),commercial_guide,3,fr,pdf,,,"Course material; internal retrieval only","2006 figures (5 TND per page for residential leases), useful as an outdated source"
tn-cyriljarnias-location,Louer un bien immobilier à long terme en Tunisie: guide complet,https://www.cyriljarnias.com/immobilier-international/investir-immobilier-tunisie-opportunites-regles-rendements/louer-bien-immobilier-long-terme-tunisie-guide-complet/,cyriljarnias.com (commercial guide),commercial_guide,2,fr,html,,,"Commercial guide; internal retrieval only",Says colocation and sub-letting need the owner's written consent
tn-houni-colocation-tunis,Colocation à Tunis,https://www.houni.tn/blog/article/colocation-tunis/,houni.tn (listing site blog),commercial_guide,2,fr,html,,,"Commercial blog; internal retrieval only",Indicative prices from a listing site
tn-lapresse-arnaque-sousse,Location d'une maison à Sousse: un couple victime d'une arnaque,https://www.lapresse.tn/2025/12/11/location-dune-maison-a-sousse-un-couple-victime-dune-arnaque/,La Presse de Tunisie (news),commercial_guide,3,fr,html,,,"News article; internal retrieval only",Scam report
tn-dpo-consulting-loi,Loi tunisienne sur la protection des données,https://www.dpo-consulting.com/fr-fr/blog/loi-tunisienne-sur-la-protection-des-donnees,DPO Consulting (blog),commercial_guide,2,fr,html,,,"Commercial blog; internal retrieval only",Lists fines for not declaring processing
tn-web6-inpdp,Protection des données personnelles en Tunisie (INPDP),https://web6.tn/blog/protection-donnees-personnelles-tunisie-inpdp/,web6.tn (blog),blog,2,fr,html,,,"Blog; internal retrieval only",
