place_key,status,lat,lon,osm_type,osm_id,osm_class,osm_kind,display_name,fetched_on,query
fr-bordeaux,ok,44.8412250,-0.5800364,relation,105270,boundary,administrative,"Bordeaux, Gironde, Nouvelle-Aquitaine, France métropolitaine, France",2026-10-03,"Bordeaux, France"
fr-campus-condorcet,ok,48.9109809,2.3660233,node,11266990941,railway,proposed,"Campus Condorcet, Rue des Fillettes, Landy-Plaine - Marcreus - Pressensé, Saint-Denis, Aubervilliers, Saint-Denis, Seine-Saint-Denis, Île-de-France, France métropolitaine, 93300, France",2026-10-03,"Campus Condorcet, Aubervilliers, France"
fr-ecole-polytechnique,ok,48.7127874,2.2107453,node,10308820872,amenity,college,"École Polytechnique, Route de Saclay, La Vauve - École Polytechnique, Plateau, Palaiseau, Essonne, Île-de-France, France métropolitaine, 91120, France",2026-10-03,"École polytechnique, Palaiseau, France"
fr-grenoble,ok,45.1875602,5.7357819,relation,80348,boundary,administrative,"Grenoble, Isère, Auvergne-Rhône-Alpes, France métropolitaine, France",2026-10-03,"Grenoble, France"
fr-insa-lyon,ok,45.7830905,4.8759894,way,446223786,amenity,college,"Institut National des Sciences Appliquées de Lyon, Avenue Gaston Berger, Les Poulettes, Croix-Luizet, Villeurbanne, Lyon, Métropole de Lyon, Rhône, Auvergne-Rhône-Alpes, France métropolitaine, 69100, ",2026-10-03,"Institut National des Sciences Appliquées de Lyon, Villeurbanne, France"
fr-la-defense,ok,48.8922478,2.2369184,node,3586000197,railway,station,"La Défense - Grande Arche, Le Parvis, Quartier Boieldieu, Arche Sud, Puteaux, Nanterre, Hauts-de-Seine, Île-de-France, France métropolitaine, 92800, France",2026-10-03,"La Défense, Puteaux, France"
fr-le-havre,ok,49.4938975,0.1079732,relation,104492,boundary,administrative,"Le Havre, Seine-Maritime, Normandie, France métropolitaine, France",2026-10-03,"Le Havre, France"
fr-lille,ok,50.6365654,3.0635282,relation,58404,boundary,administrative,"Lille, Nord, Hauts-de-France, France métropolitaine, France",2026-10-03,"Lille, France"
fr-lille-euralille,ok,50.6391694,3.0737882,node,11080984570,place,suburb,"Euralille, Lille-Centre, Lille, Nord, Hauts-de-France, France métropolitaine, 59777, France",2026-10-03,"Euralille, Lille, France"
fr-lyon,ok,45.7578137,4.8320114,relation,120965,boundary,administrative,"Lyon, Métropole de Lyon, Rhône, Auvergne-Rhône-Alpes, France métropolitaine, France",2026-10-03,"Lyon, France"
fr-lyon-1-la-doua,ok,45.7831602,4.8711676,way,394434727,amenity,university,"Lyon-Tech La Doua, Rond-Point de la Feyssine, Tonkin, Villeurbanne, Lyon, Métropole de Lyon, Rhône, Auvergne-Rhône-Alpes, France métropolitaine, 69100, France",2026-10-03,"Campus de la Doua, Villeurbanne, France"
fr-lyon-bellecour,ok,45.7576556,4.8324322,relation,2196752,highway,pedestrian,"Place Bellecour, Bellecour, Lyon 2e Arrondissement, Lyon, Métropole de Lyon, Rhône, Auvergne-Rhône-Alpes, France métropolitaine, 69002, France",2026-10-03,"Place Bellecour, Lyon, France"
fr-lyon-croix-rousse,ok,45.7766432,4.8287408,node,3376789223,place,suburb,"La Croix-Rousse, Lyon 4e Arrondissement, Lyon, Métropole de Lyon, Rhône, Auvergne-Rhône-Alpes, France métropolitaine, 69004, France",2026-10-03,"La Croix-Rousse, Lyon, France"
fr-lyon-part-dieu,ok,45.7615538,4.8593199,way,775691155,landuse,construction,"Base-vie du chantier de la gare SNCF, Part-Dieu, Lyon 3e Arrondissement, Lyon, Métropole de Lyon, Rhône, Auvergne-Rhône-Alpes, France métropolitaine, 69003, France",2026-10-03,"Gare de Lyon-Part-Dieu, Lyon, France"
fr-marseille,ok,43.2963986,5.3777888,relation,76469,boundary,administrative,"Marseille, Bouches-du-Rhône, Provence-Alpes-Côte d'Azur, France métropolitaine, France",2026-10-03,"Marseille, France"
fr-marseille-saint-charles,ok,43.3032296,5.3816416,way,67708158,building,train_station,"Gare de Marseille-Saint-Charles, Rue Honnorat, Saint-Lazare, 3e Arrondissement, Marseille, Bouches-du-Rhône, Provence-Alpes-Côte d'Azur, France métropolitaine, 13003, France",2026-10-03,"Gare de Marseille-Saint-Charles, Marseille, France"
fr-montpellier,ok,43.6112422,3.8767337,relation,28722,boundary,administrative,"Montpellier, Hérault, Occitanie, France métropolitaine, France",2026-10-03,"Montpellier, France"
fr-nantes,ok,47.2186371,-1.5541362,relation,59874,boundary,administrative,"Nantes, Loire-Atlantique, Pays de la Loire, France métropolitaine, France",2026-10-03,"Nantes, France"
fr-nice,ok,43.7009358,7.2683912,relation,170100,boundary,administrative,"Nice, Alpes-Maritimes, Provence-Alpes-Côte d'Azur, France métropolitaine, France",2026-10-03,"Nice, Alpes-Maritimes, France"
fr-paris,ok,48.8588897,2.3200410,relation,7444,boundary,administrative,"Paris, Île-de-France, France métropolitaine, France",2026-10-03,"Paris, France"
fr-paris-01,ok,48.8646144,2.3343960,relation,20727,boundary,administrative,"Paris 1er Arrondissement, Paris, Île-de-France, France métropolitaine, 75001, France",2026-10-03,"Paris 1er Arrondissement, Paris, France"
fr-paris-02,ok,48.8687430,2.3416880,relation,9542,boundary,administrative,"Paris 2e Arrondissement, Paris, Île-de-France, France métropolitaine, 75002, France",2026-10-03,"Paris 2e Arrondissement, Paris, France"
fr-paris-03,ok,48.8642120,2.3609360,relation,20742,boundary,administrative,"Paris 3e Arrondissement, Paris, Île-de-France, France métropolitaine, 75003, France",2026-10-03,"Paris 3e Arrondissement, Paris, France"
fr-paris-04,ok,48.8562021,2.3556193,relation,9597,boundary,administrative,"Paris 4e Arrondissement, Paris, Île-de-France, France métropolitaine, 75004, France",2026-10-03,"Paris 4e Arrondissement, Paris, France"
fr-paris-05,ok,48.8459728,2.3443504,relation,20873,boundary,administrative,"Paris 5e Arrondissement, Paris, Île-de-France, France métropolitaine, 75005, France",2026-10-03,"Paris 5e Arrondissement, Paris, France"
fr-paris-06,ok,48.8504333,2.3329507,relation,9527,boundary,administrative,"Paris 6e Arrondissement, Paris, Île-de-France, France métropolitaine, 75006, France",2026-10-03,"Paris 6e Arrondissement, Paris, France"
fr-paris-07,ok,48.8564911,2.3128000,relation,9521,boundary,administrative,"Paris 7e Arrondissement, Paris, Île-de-France, France métropolitaine, 75007, France",2026-10-03,"Paris 7e Arrondissement, Paris, France"
fr-paris-08,ok,48.8737284,2.3103932,relation,20872,boundary,administrative,"Paris 8e Arrondissement, Paris, Île-de-France, France métropolitaine, 75008, France",2026-10-03,"Paris 8e Arrondissement, Paris, France"
fr-paris-09,ok,48.8760190,2.3399620,relation,9537,boundary,administrative,"Paris 9e Arrondissement, Paris, Île-de-France, France métropolitaine, 75009, France",2026-10-03,"Paris 9e Arrondissement, Paris, France"
fr-paris-10,ok,48.8762250,2.3595209,relation,9528,boundary,administrative,"Paris 10e Arrondissement, Paris, Île-de-France, France métropolitaine, 75010, France",2026-10-03,"Paris 10e Arrondissement, Paris, France"
fr-paris-11,ok,48.8584160,2.3797030,relation,9533,boundary,administrative,"Paris 11e Arrondissement, Paris, Île-de-France, France métropolitaine, 75011, France",2026-10-03,"Paris 11e Arrondissement, Paris, France"
fr-paris-12,ok,48.8396154,2.3957517,relation,9525,boundary,administrative,"Paris 12e Arrondissement, Paris, Île-de-France, France métropolitaine, 75012, France",2026-10-03,"Paris 12e Arrondissement, Paris, France"
fr-paris-13,ok,48.8290105,2.3636124,relation,9530,boundary,administrative,"Paris 13e Arrondissement, Paris, Île-de-France, France métropolitaine, 75013, France",2026-10-03,"Paris 13e Arrondissement, Paris, France"
fr-paris-14,ok,48.8295585,2.3239740,relation,9522,boundary,administrative,"Paris 14e Arrondissement, Paris, Île-de-France, France métropolitaine, 75014, France",2026-10-03,"Paris 14e Arrondissement, Paris, France"
fr-paris-15,ok,48.8411228,2.2927657,relation,9520,boundary,administrative,"Paris 15e Arrondissement, Paris, Île-de-France, France métropolitaine, 75015, France",2026-10-03,"Paris 15e Arrondissement, Paris, France"
fr-paris-16,ok,48.8636341,2.2764850,relation,9517,boundary,administrative,"Paris 16e Arrondissement, Paris, Île-de-France, France métropolitaine, France",2026-10-03,"Paris 16e Arrondissement, Paris, France"
fr-paris-17,ok,48.8869265,2.3065472,relation,9519,boundary,administrative,"Paris 17e Arrondissement, Paris, Île-de-France, France métropolitaine, 75017, France",2026-10-03,"Paris 17e Arrondissement, Paris, France"
fr-paris-18,ok,48.8900117,2.3464668,relation,9531,boundary,administrative,"Paris 18e Arrondissement, Paris, Île-de-France, France métropolitaine, 75018, France",2026-10-03,"Paris 18e Arrondissement, Paris, France"
fr-paris-19,ok,48.8893430,2.3843600,relation,9552,boundary,administrative,"Paris 19e Arrondissement, Paris, Île-de-France, France métropolitaine, 75019, France",2026-10-03,"Paris 19e Arrondissement, Paris, France"
fr-paris-20,ok,48.8650420,2.3989290,relation,9529,boundary,administrative,"Paris 20e Arrondissement, Paris, Île-de-France, France métropolitaine, 75020, France",2026-10-03,"Paris 20e Arrondissement, Paris, France"
fr-paris-bastille,ok,48.8526733,2.3688193,relation,10950251,highway,pedestrian,"Place de la Bastille, Quartier de l'Arsenal, Paris 4e Arrondissement, Paris, Île-de-France, France métropolitaine, 75004, France",2026-10-03,"Place de la Bastille, Paris, France"
fr-paris-belleville,ok,48.8717265,2.3850850,relation,2195117,boundary,administrative,"Quartier de Belleville, Paris 20e Arrondissement, Paris, Île-de-France, France métropolitaine, 75020, France",2026-10-03,"Belleville, Paris, France"
fr-paris-cdg-airport,ok,49.0068908,2.5710820,way,294032205,aeroway,aerodrome,"Aéroport de Paris-Charles-de-Gaulle, Tremblay-en-France, Le Raincy, Seine-Saint-Denis, Île-de-France, France métropolitaine, 93290, France",2026-10-03,"Aéroport de Paris-Charles-de-Gaulle, France"
fr-paris-chatelet,ok,48.8607482,2.3476582,node,3190767999,railway,stop,"Châtelet - Les Halles, Place Joachim du Bellay, Quartier Les Halles, Paris 1er Arrondissement, Paris, Île-de-France, France métropolitaine, 75001, France",2026-10-03,"Châtelet - Les Halles, Paris, France"
fr-paris-cite-universitaire,ok,48.8188283,2.3387197,relation,4048239,amenity,university,"Cité Internationale Universitaire de Paris, Avenue Pierre de Coubertin, Quartier du Parc-de-Montsouris, Paris 14e Arrondissement, Paris, Île-de-France, France métropolitaine, 75013, France",2026-10-03,"Cité internationale universitaire de Paris, Paris, France"
fr-paris-gare-de-l-est,ok,48.8770979,2.3594905,node,2506241285,railway,station,"Paris Gare de l'Est, Place du 11 Novembre 1918, Quartier Saint-Vincent-de-Paul, Paris 10e Arrondissement, Paris, Île-de-France, France métropolitaine, 75010, France",2026-10-03,"Gare de l'Est, Paris, France"
fr-paris-gare-de-lyon,ok,48.8446832,2.3737743,node,26824135,railway,station,"Gare de Lyon, Place Louis Armand, Quartier des Quinze-Vingts, Paris 12e Arrondissement, Paris, Île-de-France, France métropolitaine, 75012, France",2026-10-03,"Gare de Lyon, Paris, France"
fr-paris-gare-du-nord,ok,48.8795666,2.3572124,node,5364676905,railway,station,"Gare du Nord (Métro), Rue du Faubourg Saint-Denis, Quartier Saint-Vincent-de-Paul, Paris 10e Arrondissement, Paris, Île-de-France, France métropolitaine, 75010, France",2026-10-03,"Gare du Nord, Paris, France"
fr-paris-jussieu,ok,48.8459626,2.3548010,node,4083286998,railway,station,"Jussieu, Place Jussieu, Quartier Saint-Victor, Paris 5e Arrondissement, Paris, Île-de-France, France métropolitaine, 75005, France",2026-10-03,"Jussieu, Paris, France"
fr-paris-le-marais,ok,48.8603823,2.3607420,relation,15537328,place,suburb,"Le Marais, Paris, Île-de-France, France métropolitaine, France",2026-10-03,"Le Marais, Paris, France"
fr-paris-montmartre,ok,48.8854619,2.3391535,relation,6438767,boundary,tourist_zone,"Montmartre, Paris, Île-de-France, France métropolitaine, France",2026-10-03,"Montmartre, Paris, France"
fr-paris-montparnasse,ok,48.8400624,2.3191085,node,65331500,railway,station,"Gare Montparnasse, Allée de la deuxième D.B., Quartier Necker, Paris 15e Arrondissement, Paris, Île-de-France, France métropolitaine, 75015, France",2026-10-03,"Gare Montparnasse, Paris, France"
fr-paris-nation,ok,48.8483734,2.3958703,way,703150476,place,square,"Place de la Nation, Quartier de Picpus, Paris 12e Arrondissement, Paris, Île-de-France, France métropolitaine, 75012, France",2026-10-03,"Place de la Nation, Paris, France"
fr-paris-oberkampf,ok,48.8667062,2.3816718,way,62172474,highway,tertiary,"Rue Oberkampf, Quartier Saint-Ambroise, Paris 11e Arrondissement, Paris, Île-de-France, France métropolitaine, 75011, France",2026-10-03,"Rue Oberkampf, Paris, France"
fr-paris-quartier-latin,ok,48.8486028,2.3425156,node,2038017580,place,suburb,"Quartier latin, Paris, Île-de-France, France métropolitaine, 75005, France",2026-10-03,"Quartier Latin, Paris, France"
fr-paris-saint-lazare,ok,48.8770414,2.3250674,way,727994377,building,train_station,"Gare Saint-Lazare, 11, Cour de Rome, Quartier de l'Europe, Paris 8e Arrondissement, Paris, Île-de-France, France métropolitaine, 75008, France",2026-10-03,"Gare Saint-Lazare, Paris, France"
fr-reims,ok,49.2577886,4.0319260,relation,36458,boundary,administrative,"Reims, Marne, Grand Est, France métropolitaine, 51100, France",2026-10-03,"Reims, France"
fr-rennes,ok,48.1113387,-1.6800198,relation,54517,boundary,administrative,"Rennes, Ille-et-Vilaine, Bretagne, France métropolitaine, France",2026-10-03,"Rennes, France"
fr-saclay,ok,48.7305162,2.1725760,relation,23773,boundary,administrative,"Saclay, Palaiseau, Essonne, Île-de-France, France métropolitaine, 91400, France",2026-10-03,"Saclay, Essonne, France"
fr-saint-denis,ok,48.9383732,2.3627508,relation,18476624,boundary,administrative,"Saint-Denis, Seine-Saint-Denis, Île-de-France, France métropolitaine, France",2026-10-03,"Saint-Denis, Seine-Saint-Denis, France"
fr-saint-etienne,ok,45.4401467,4.3873058,relation,117905,boundary,administrative,"Saint-Étienne, Loire, Auvergne-Rhône-Alpes, France métropolitaine, France",2026-10-03,"Saint-Étienne, France"
fr-saint-martin-d-heres-campus,ok,45.1918422,5.7562324,node,9998570299,information,map,"Domaine Universitaire, Rue de la Houille Blanche, Domaine universitaire de Grenoble, Saint-Martin-d'Hères, Grenoble, Isère, Auvergne-Rhône-Alpes, France métropolitaine, 38400, France",2026-10-03,"Domaine Universitaire, Saint-Martin-d'Hères, France"
fr-sciences-po,ok,48.8538978,2.3290212,way,64658252,amenity,college,"Institut d'Études Politiques, 27, Rue Saint-Guillaume, Quartier Saint-Thomas-d'Aquin, Paris 7e Arrondissement, Paris, Île-de-France, France métropolitaine, 75007, France",2026-10-03,"Sciences Po, Rue Saint-Guillaume, Paris, France"
fr-sophia-antipolis,ok,43.6195225,7.0518158,relation,13513971,landuse,commercial,"Sophia Antipolis, Valbonne, Grasse, Alpes-Maritimes, Provence-Alpes-Côte d'Azur, France métropolitaine, 06560, France",2026-10-03,"Sophia Antipolis, Valbonne, France"
fr-sorbonne-jussieu,not_found,,,,,,,,2026-10-03,"Campus Pierre et Marie Curie, Paris, France"
fr-strasbourg,ok,48.5846140,7.7507127,relation,71033,boundary,administrative,"Strasbourg, Bas-Rhin, Collectivité européenne d'Alsace, Grand Est, France métropolitaine, France",2026-10-03,"Strasbourg, France"
fr-toulon,ok,43.1257311,5.9304919,relation,35280,boundary,administrative,"Toulon, Var, Provence-Alpes-Côte d'Azur, France métropolitaine, France",2026-10-03,"Toulon, France"
fr-toulouse,ok,43.6044638,1.4442433,relation,35738,boundary,administrative,"Toulouse, Haute-Garonne, Occitanie, France métropolitaine, France",2026-10-03,"Toulouse, France"
fr-universite-paris-saclay,ok,48.7121501,2.1735087,way,1063329862,building,train_station,"Université Paris-Saclay, Avenue des Sciences, Belvedère, Campus Urbain de Paris-Saclay, Orsay, Palaiseau, Essonne, Île-de-France, France métropolitaine, 91400, France",2026-10-03,"Université Paris-Saclay, France"
fr-villeurbanne,ok,45.7660581,4.8796267,relation,120989,boundary,administrative,"Villeurbanne, Lyon, Métropole de Lyon, Rhône, Auvergne-Rhône-Alpes, France métropolitaine, 69100, France",2026-10-03,"Villeurbanne, France"
gb-birmingham,ok,52.4948994,-1.8518439,relation,162378,boundary,administrative,"Birmingham, West Midlands, Angleterre, Royaume-Uni",2026-10-03,"Birmingham, West Midlands, United Kingdom"
gb-birmingham-selly-oak,ok,52.4402220,-1.9382689,node,311544479,place,suburb,"Selly Oak, Metchley, Birmingham, West Midlands, Angleterre, B29 6NF, Royaume-Uni",2026-10-03,"Selly Oak, Birmingham, United Kingdom"
gb-bristol,ok,51.4430141,-2.5816622,relation,57539,boundary,administrative,"Bristol, West of England, Angleterre, Royaume-Uni",2026-10-03,"Bristol, United Kingdom"
gb-bristol-clifton,ok,51.4615884,-2.6202846,node,20942781,place,suburb,"Clifton, Bristol, West of England, Angleterre, BS8 3EZ, Royaume-Uni",2026-10-03,"Clifton, Bristol, United Kingdom"
gb-cambridge,ok,52.1975846,0.1391537,relation,295355,boundary,administrative,"Cambridge, Cambridgeshire, Cambridgeshire and Peterborough, Angleterre, Royaume-Uni",2026-10-03,"Cambridge, Cambridgeshire, United Kingdom"
gb-edinburgh,ok,55.9533456,-3.1883749,relation,1920901,boundary,administrative,"Édimbourg, Écosse, Royaume-Uni",2026-10-03,"Edinburgh, United Kingdom"
gb-edinburgh-marchmont,ok,55.9359813,-3.1991153,relation,17710450,place,suburb,"Marchmont, Édimbourg, Écosse, Royaume-Uni",2026-10-03,"Marchmont, Edinburgh, United Kingdom"
gb-glasgow,ok,55.8611550,-4.2501687,node,11127374,place,city,"Glasgow, Glasgow City, Écosse, G2 1AL, Royaume-Uni",2026-10-03,"Glasgow, United Kingdom"
gb-imperial,ok,51.4989595,-0.1756407,relation,12233221,amenity,university,"Imperial College London, Exhibition Road, Knightsbridge, Cité de Westminster, Grand Londres, Angleterre, SW7 2AZ, Royaume-Uni",2026-10-03,"Imperial College London, London, United Kingdom"
gb-kcl,ok,51.5030855,-0.0900021,way,382141848,building,university,"Hodgkin Building, Newcomen Street, Borough Market, Bermondsey Village, The Borough, London Borough of Southwark, Grand Londres, Angleterre, SE1 1YX, Royaume-Uni",2026-10-03,"King's College London, London, United Kingdom"
gb-leeds,ok,53.7974185,-1.5437941,node,358309,place,city,"Leeds, West Yorkshire, Angleterre, LS1 6AL, Royaume-Uni",2026-10-03,"Leeds, United Kingdom"
gb-leeds-headingley,ok,53.8210076,-1.5777737,node,21266484,place,suburb,"Headingley, Leeds, West Yorkshire, Angleterre, LS6 3AB, Royaume-Uni",2026-10-03,"Headingley, Leeds, United Kingdom"
gb-leeds-hyde-park,ok,53.8124314,-1.5678569,node,250734615,place,suburb,"Hyde Park, Leeds, West Yorkshire, Angleterre, LS6 1HA, Royaume-Uni",2026-10-03,"Hyde Park, Leeds, United Kingdom"
gb-leicester,ok,52.6362000,-1.1331969,node,10021976,place,city,"Leicester, City of Leicester, Angleterre, LE1 4FB, Royaume-Uni",2026-10-03,"Leicester, United Kingdom"
gb-liverpool,ok,53.3933411,-2.9166389,relation,172987,boundary,administrative,"Liverpool, Liverpool City Region, Angleterre, Royaume-Uni",2026-10-03,"Liverpool, United Kingdom"
gb-london,ok,51.5074456,-0.1277653,relation,175342,boundary,administrative,"Grand Londres, Angleterre, Royaume-Uni",2026-10-03,"London, United Kingdom"
gb-london-bethnal-green,ok,51.5303456,-0.0561633,node,27365024,place,suburb,"Bethnal Green, London Borough of Tower Hamlets, Grand Londres, Angleterre, E2 9RA, Royaume-Uni",2026-10-03,"Bethnal Green, London, United Kingdom"
gb-london-bloomsbury,ok,51.5210963,-0.1289635,node,27365033,place,suburb,"Bloomsbury, Borough londonien de Camden, Grand Londres, Angleterre, WC1E 7HU, Royaume-Uni",2026-10-03,"Bloomsbury, London, United Kingdom"
gb-london-brixton,ok,51.4633914,-0.1148023,node,21521237,place,suburb,"Brixton, London Borough of Lambeth, Grand Londres, Angleterre, SW9 8BH, Royaume-Uni",2026-10-03,"Brixton, London, United Kingdom"
gb-london-camden,ok,51.5392533,-0.1427570,node,399607277,place,town,"Camden Town, Grand Londres, Angleterre, NW1 8QL, Royaume-Uni",2026-10-03,"Camden Town, London, United Kingdom"
gb-london-canary-wharf,ok,51.5048954,-0.0190006,node,5302085651,place,suburb,"Canary Wharf, London Borough of Tower Hamlets, Grand Londres, Angleterre, E14 5AB, Royaume-Uni",2026-10-03,"Canary Wharf, London, United Kingdom"
gb-london-clapham,ok,51.4614469,-0.1386270,node,27554267,place,suburb,"Clapham, London Borough of Lambeth, Grand Londres, Angleterre, SW4 7AJ, Royaume-Uni",2026-10-03,"Clapham, London, United Kingdom"
gb-london-ealing,ok,51.5126553,-0.3051952,node,3207873659,place,town,"Ealing, Grand Londres, Angleterre, W5 5AW, Royaume-Uni",2026-10-03,"Ealing, London, United Kingdom"
gb-london-elephant-and-castle,ok,51.4950070,-0.1003315,node,26546003,place,suburb,"Elephant and Castle, London Borough of Southwark, Grand Londres, Angleterre, SE1 6BN, Royaume-Uni",2026-10-03,"Elephant and Castle, London, United Kingdom"
gb-london-fulham,ok,51.4744080,-0.2068090,node,1639959450,place,suburb,"Fulham, Borough londonien de Hammersmith et Fulham, Grand Londres, Angleterre, SW6 5HJ, Royaume-Uni",2026-10-03,"Fulham, London, United Kingdom"
gb-london-greenwich,ok,51.4820845,-0.0045417,node,27365302,place,town,"Greenwich, Grand Londres, Angleterre, SE10 9HF, Royaume-Uni",2026-10-03,"Greenwich, London, United Kingdom"
gb-london-hackney,ok,51.5432402,-0.0493621,node,2133924981,place,suburb,"Hackney, London Borough of Hackney, Grand Londres, Angleterre, E9 6QW, Royaume-Uni",2026-10-03,"Hackney, London, United Kingdom"
gb-london-hammersmith,ok,51.4920377,-0.2236401,node,20962674,place,suburb,"Hammersmith, Borough londonien de Hammersmith et Fulham, Grand Londres, Angleterre, W6 9YD, Royaume-Uni",2026-10-03,"Hammersmith, London, United Kingdom"
gb-london-heathrow,ok,51.4677390,-0.4587801,relation,14001268,aeroway,aerodrome,"Aéroport de Londres Heathrow, Terminal Four Roundabout, Borough londonien de Hillingdon, Grand Londres, Angleterre, TW6 3FJ, Royaume-Uni",2026-10-03,"Heathrow Airport, London, United Kingdom"
gb-london-islington,ok,51.5384287,-0.0999051,node,27365020,place,suburb,"Islington, London Borough of Islington, Grand Londres, Angleterre, N1 2BH, Royaume-Uni",2026-10-03,"Islington, London, United Kingdom"
gb-london-kings-cross,ok,51.5323954,-0.1230224,node,7159162454,railway,station,"London King's Cross, Euston Road, King's Cross, Borough londonien de Camden, Grand Londres, Angleterre, N1C 4AP, Royaume-Uni",2026-10-03,"King's Cross, London, United Kingdom"
gb-london-mile-end,ok,51.5253378,-0.0334350,node,3076574236,railway,station,"Mile End, Mile End Road, Old Ford, Mile End, London Borough of Tower Hamlets, Grand Londres, Angleterre, E3 4PH, Royaume-Uni",2026-10-03,"Mile End, London, United Kingdom"
gb-london-peckham,ok,51.4734122,-0.0699321,node,207141595,place,suburb,"Peckham, London Borough of Southwark, Grand Londres, Angleterre, SE15 5DW, Royaume-Uni",2026-10-03,"Peckham, London, United Kingdom"
gb-london-shoreditch,ok,51.5266694,-0.0798926,node,27365029,place,suburb,"Shoreditch, London Borough of Hackney, Grand Londres, Angleterre, EC2A 3AR, Royaume-Uni",2026-10-03,"Shoreditch, London, United Kingdom"
gb-london-south-kensington,ok,51.4955817,-0.1831368,node,27396436,place,suburb,"South Kensington, Borough royal de Kensington et Chelsea, Grand Londres, Angleterre, SW7 4SD, Royaume-Uni",2026-10-03,"South Kensington, London, United Kingdom"
gb-london-st-pancras,ok,51.5327196,-0.1270027,node,3662847634,railway,station,"Londres-St Pancras International, Euston Road, King's Cross, Borough londonien de Camden, Grand Londres, Angleterre, N1C 4QP, Royaume-Uni",2026-10-03,"St Pancras International, London, United Kingdom"
gb-london-stratford,ok,51.5412890,-0.0035472,node,5257403774,railway,station,"Stratford, Meridian Square, Stratford, London Borough of Newham, Grand Londres, Angleterre, E15 1DA, Royaume-Uni",2026-10-03,"Stratford, London, United Kingdom"
gb-london-wembley,ok,51.5560695,-0.2796034,relation,12942436,leisure,stadium,"Stade de Wembley, Spanish Steps, London Borough of Brent, Grand Londres, Angleterre, HA9 0SN, Royaume-Uni",2026-10-03,"Wembley, London, United Kingdom"
gb-london-whitechapel,ok,51.5174861,-0.0659685,node,3939328592,place,suburb,"Whitechapel, London Borough of Tower Hamlets, Grand Londres, Angleterre, E1 1DT, Royaume-Uni",2026-10-03,"Whitechapel, London, United Kingdom"
gb-lse,ok,51.5146063,-0.1164509,relation,4124110,amenity,university,"London School of Economics and Political Science, Houghton Street, St Clement Danes, Covent Garden, Cité de Westminster, Grand Londres, Angleterre, WC2A 2AE, Royaume-Uni",2026-10-03,"London School of Economics and Political Science, London, United Kingdom"
gb-manchester,ok,53.4424618,-2.2324547,relation,146656,boundary,administrative,"Manchester, Grand Manchester, Angleterre, Royaume-Uni",2026-10-03,"Manchester, United Kingdom"
gb-manchester-fallowfield,ok,53.4448039,-2.2214645,node,293889579,place,suburb,"Fallowfield, Manchester, Grand Manchester, Angleterre, M14 6LT, Royaume-Uni",2026-10-03,"Fallowfield, Manchester, United Kingdom"
gb-manchester-withington,ok,53.4335822,-2.2293082,node,293888328,place,suburb,"Withington, Manchester, Grand Manchester, Angleterre, M20 3BG, Royaume-Uni",2026-10-03,"Withington, Manchester, United Kingdom"
gb-newcastle,ok,54.9738474,-1.6131572,relation,142282,boundary,administrative,"Newcastle upon Tyne, Tyne and Wear, North East, Angleterre, Royaume-Uni",2026-10-03,"Newcastle upon Tyne, United Kingdom"
gb-newcastle-jesmond,ok,54.9914956,-1.6057608,node,33787662,place,suburb,"Jesmond, Newcastle upon Tyne, Tyne and Wear, North East, Angleterre, NE2 2DT, Royaume-Uni",2026-10-03,"Jesmond, Newcastle upon Tyne, United Kingdom"
gb-nottingham,ok,52.9534193,-1.1496461,relation,123292,boundary,administrative,"Nottingham, Nottinghamshire, East Midlands, Angleterre, Royaume-Uni",2026-10-03,"Nottingham, United Kingdom"
gb-nottingham-lenton,ok,52.9484158,-1.1793644,node,26606697,place,suburb,"Lenton, Nottingham, East Midlands, Angleterre, NG7 2LH, Royaume-Uni",2026-10-03,"Lenton, Nottingham, United Kingdom"
gb-oxford,ok,51.7520131,-1.2578499,relation,394037,boundary,administrative,"Oxford, Oxfordshire, Angleterre, Royaume-Uni",2026-10-03,"Oxford, Oxfordshire, United Kingdom"
gb-qmul,ok,51.5247403,-0.0393136,relation,16416944,amenity,university,"Queen Mary University of London, 327, Mile End Road, Mile End, London Borough of Tower Hamlets, Grand Londres, Angleterre, E1 4NS, Royaume-Uni",2026-10-03,"Queen Mary University of London, London, United Kingdom"
gb-sheffield,ok,53.3806626,-1.4702278,relation,106956,boundary,administrative,"Sheffield, South Yorkshire, Angleterre, Royaume-Uni",2026-10-03,"Sheffield, United Kingdom"
gb-ucl,ok,51.5242030,-0.1330007,relation,11373735,amenity,university,"University College London, Thornhaugh Street, Bloomsbury, Borough londonien de Camden, Grand Londres, Angleterre, WC1B 5DQ, Royaume-Uni",2026-10-03,"University College London, London, United Kingdom"
gb-uni-birmingham,ok,52.4504333,-1.9320033,relation,1972822,amenity,university,"University of Birmingham Edgbaston Campus, New Fosse Way, Selly Oak, Metchley, Birmingham, West Midlands, Angleterre, B29 6TH, Royaume-Uni",2026-10-03,"University of Birmingham, Birmingham, United Kingdom"
gb-uni-bristol,ok,51.4650214,-2.6107188,way,72370716,building,university,"University of Bristol: Department of Social Medicine, Whiteladies Road, Clifton, Bristol, West of England, Angleterre, BS8 2PS, Royaume-Uni",2026-10-03,"University of Bristol, Bristol, United Kingdom"
gb-uni-cambridge,ok,52.1955028,0.1302392,node,14057207605,office,company,"University of Cambridge, 82-88, Hills Road, Petersfield, Cambridge, Cambridgeshire, Cambridgeshire and Peterborough, Angleterre, CB2 1NF, Royaume-Uni",2026-10-03,"University of Cambridge, Cambridge, United Kingdom"
gb-uni-edinburgh,ok,55.9440765,-3.1883736,way,9529767,amenity,university,"University of Edinburgh, North Meadow Walk, St Leonards, Southside, Édimbourg, Écosse, EH8 9LN, Royaume-Uni",2026-10-03,"University of Edinburgh, Edinburgh, United Kingdom"
gb-uni-glasgow,ok,55.8716587,-4.2883961,node,6603883785,amenity,school,"University of Glasgow, University Avenue, Hillhead, West End, Glasgow, Glasgow City, Écosse, G12 8QQ, Royaume-Uni",2026-10-03,"University of Glasgow, Glasgow, United Kingdom"
gb-uni-leeds,ok,53.8065718,-1.5557853,way,84656164,amenity,university,"University of Leeds, Calverley Street, Little Woodhouse, Arena Quarter, Woodhouse, Leeds, West Yorkshire, Angleterre, LS1 3EY, Royaume-Uni",2026-10-03,"University of Leeds, Leeds, United Kingdom"
gb-uni-manchester,ok,53.4660226,-2.2330858,relation,14322640,amenity,university,"University of Manchester, Oxford Road, Brunswick, Chorlton-on-Medlock, Manchester, Grand Manchester, Angleterre, M13 9PL, Royaume-Uni",2026-10-03,"University of Manchester, Manchester, United Kingdom"
gb-uni-oxford,ok,51.7525461,-1.2143168,way,327731413,amenity,university,"Old Road Campus, University of Oxford, Roosevelt Drive, Headington, Oxford, Oxfordshire, Angleterre, OX3 7DQ, Royaume-Uni",2026-10-03,"University of Oxford, Oxford, United Kingdom"
tn-ariana,ok,36.9685735,10.1219855,relation,1435830,boundary,administrative,"Gouvernorat Ariana, Tunisie",2026-10-03,"Ariana, Tunisia"
tn-ariana-borj-louzir,ok,36.8606537,10.2087006,relation,7114906,boundary,administrative,"Borj Louzir, Délégation Soukra, Gouvernorat Ariana, 2030, Tunisie",2026-10-03,"Borj Louzir, Ariana, Tunisia"
tn-ariana-charguia-2,ok,36.8543199,10.2028332,node,10295304423,highway,bus_stop,"CHARGUIA 2, Route Nationale Tunis - Bizerte, Zone Industrielle La Charguia II, Ech-Charguia, Délégation Cité El Khadra, Tunis, Borj Louzir, Délégation Soukra, Gouvernorat Ariana, 2035, Tunisie",2026-10-03,"Charguia 2, Tunisia"
tn-ariana-el-ghazala,not_found,,,,,,,,2026-10-03,"El Ghazala, Ariana, Tunisia"
tn-ariana-ennasr,ok,36.8421943,10.1131594,relation,7115409,boundary,administrative,"Ennasr, Délégation Mnihla, Gouvernorat Ariana, Tunisie",2026-10-03,"Ennasr, Ariana, Tunisia"
tn-ariana-ennasr-1,ok,36.8622616,10.1697459,node,1656920925,place,suburb,"Ennasr 1, Nasr 1, Délégation Ariana Ville, Gouvernorat Ariana, 2037, Tunisie",2026-10-03,"Ennasr 1, Ariana, Tunisia"
tn-ariana-ennasr-2,ok,36.8668995,10.1544703,relation,7115049,boundary,administrative,"Ennasr 2, Délégation Ariana Ville, Gouvernorat Ariana, 2203, Tunisie",2026-10-03,"Ennasr 2, Ariana, Tunisia"
tn-ariana-ennkhilet,not_found,,,,,,,,2026-10-03,"Ennkhilet, Ariana, Tunisia"
tn-ariana-ettadhamen,ok,36.8338386,10.1061460,relation,4156579,boundary,administrative,"Délégation Cité Ettadhamen, Gouvernorat Ariana, 2041, Tunisie",2026-10-03,"Ettadhamen, Ariana, Tunisia"
tn-ariana-la-soukra,ok,36.8749751,10.2454267,node,7390818324,place,village,"La Soukra, El Bassatine, Délégation Soukra, Gouvernorat Ariana, 2036, Tunisie",2026-10-03,"La Soukra, Ariana, Tunisia"
tn-ariana-raoued,ok,36.9535973,10.1891941,node,1156944210,place,village,"Raoued, Délégation Raoued, Gouvernorat Ariana, 2056, Tunisie",2026-10-03,"Raoued, Ariana, Tunisia"
tn-beja,ok,36.7236755,9.1853820,node,287590041,place,city,"Béja, Délégation Béja Nord, Gouvernorat Béja, 9000, Tunisie",2026-10-03,"Béja, Tunisia"
tn-ben-arous,ok,36.6306483,10.2100827,relation,1435836,boundary,administrative,"Gouvernorat Ben Arous, Tunisie",2026-10-03,"Ben Arous, Tunisia"
tn-ben-arous-el-mourouj,ok,36.7198250,10.2192362,relation,7209951,boundary,municipality,"El Mourouj, El Mourouj (3), Délégation El Mourouj, Gouvernorat Ben Arous, Tunisie",2026-10-03,"El Mourouj, Ben Arous, Tunisia"
tn-ben-arous-ezzahra,ok,36.7404497,10.3029461,node,1204588103,place,town,"Ezzahra, Cite El Habib, Délégation Ezzahra, Gouvernorat Ben Arous, 2034, Tunisie",2026-10-03,"Ezzahra, Ben Arous, Tunisia"
tn-ben-arous-hammam-chott,ok,36.7189536,10.3642733,node,2063816292,place,town,"Hammam Chott, Hammem Chatt, Délégation Hammam Chott, Gouvernorat Ben Arous, 2050, Tunisie",2026-10-03,"Hammam Chott, Ben Arous, Tunisia"
tn-ben-arous-hammam-lif,ok,36.7313788,10.3363985,node,4394953973,place,town,"Hammam-Lif, Hammam Lif Ville, Délégation Hammam Lif, Gouvernorat Ben Arous, 2093, Tunisie",2026-10-03,"Hammam Lif, Ben Arous, Tunisia"
tn-ben-arous-megrine,ok,36.7703354,10.2315885,node,7716925564,place,town,"Mégrine, Megrine Superieure, Délégation Megrine, Gouvernorat Ben Arous, 2033, Tunisie",2026-10-03,"Mégrine, Ben Arous, Tunisia"
tn-ben-arous-rades,ok,36.7678910,10.2724617,relation,8893221,place,town,"Radès, Délégation Radès, Gouvernorat Ben Arous, Tunisie",2026-10-03,"Radès, Ben Arous, Tunisia"
tn-bizerte,ok,37.2720905,9.8708565,node,287544816,place,city,"Bizerte, Boubaker Bakir, Délégation Bizerte Nord, Gouvernorat Bizerte, 7000, Tunisie",2026-10-03,"Bizerte, Tunisia"
tn-campus-el-manar,ok,36.8313890,10.1454064,way,107625976,amenity,restaurant,"Restaurant Universitaire Campus El Manar, Administration, Colisée Soula, El Manar (1), Délégation El Menzah, Tunis, Gouvernorat Tunis, 2062, Tunisie",2026-10-03,"Campus Universitaire El Manar, Tunis, Tunisia"
tn-el-menzah,ok,36.8356133,10.1583615,relation,4132591,boundary,administrative,"Délégation El Menzah, Tunis, Gouvernorat Tunis, Tunisie",2026-10-03,"El Menzah, Tunis, Tunisia"
tn-el-menzah-1,ok,36.8440263,10.1890857,node,1254005393,place,suburb,"El Menzah 1, Hay Es Salem, Délégation Cité El Khadra, Tunis, Gouvernorat Tunis, 2058, Tunisie",2026-10-03,"El Menzah 1, Tunis, Tunisia"
tn-el-menzah-4,ok,36.8399448,10.1772314,node,1254004330,place,suburb,"El Menzah 4, El Menzah, Délégation El Menzah, Tunis, Gouvernorat Tunis, 1004, Tunisie",2026-10-03,"El Menzah 4, Tunis, Tunisia"
tn-el-menzah-5,ok,36.8477638,10.1755886,relation,7115051,boundary,administrative,"El Menzah 5, Délégation Ariana Ville, Gouvernorat Ariana, Tunisie",2026-10-03,"El Menzah 5, Ariana, Tunisia"
tn-el-menzah-6,ok,36.8484562,10.1634244,relation,7115052,boundary,administrative,"El Menzah 6, Délégation Ariana Ville, Gouvernorat Ariana, 2091, Tunisie",2026-10-03,"El Menzah 6, Ariana, Tunisia"
tn-el-menzah-7,ok,36.8541206,10.1626718,node,2161965264,place,suburb,"El Menzah 7, Nasr 1, Délégation Ariana Ville, Gouvernorat Ariana, 2091, Tunisie",2026-10-03,"El Menzah 7, Ariana, Tunisia"
tn-el-menzah-8,ok,36.8568947,10.1725737,node,1164941785,place,suburb,"El Menzah 8, Nasr 1, Délégation Ariana Ville, Gouvernorat Ariana, 2037, Tunisie",2026-10-03,"El Menzah 8, Ariana, Tunisia"
tn-el-menzah-9,ok,36.8443809,10.1819354,node,7411834073,place,house,"9, Impasse Chahrazed, El Menzah 4, El Menzah, Délégation El Menzah, Tunis, Gouvernorat Tunis, 1004, Tunisie",2026-10-03,"El Menzah 9, Tunisia"
tn-enetcom,ok,34.8382439,10.7556487,way,702935603,amenity,university,"École Nationale d'Électronique et des Télécommunications de Sfax, Rue d'Aden, El Ons, Délégation Sakiet Ezzit, Gouvernorat Sfax, 3021, Tunisie",2026-10-03,"École Nationale d'Électronique et des Télécommunications de Sfax, Sfax, Tunisia"
tn-enim,ok,35.7653188,10.8041251,way,687349258,amenity,university,"École Nationale d'Ingénieurs de Monastir, Avenue Ibn El Jazzar, Monastir, Bab El Gharbi, Délégation Monastir, Gouvernorat Monastir, 5019, Tunisie",2026-10-03,"École Nationale d'Ingénieurs de Monastir, Monastir, Tunisia"
tn-enis,not_found,,,,,,,,2026-10-03,"École Nationale d'Ingénieurs de Sfax, Sfax, Tunisia"
tn-eniso,ok,35.8208782,10.5929234,way,1319720062,amenity,university,"École Nationale d'Ingenieurs de Sousse, Route de Ceinture, Bouhsina, Délégation Sousse Jaouhara, Gouvernorat Sousse, 4050, Tunisie",2026-10-03,"École Nationale d'Ingénieurs de Sousse, Sousse, Tunisia"
tn-enit,ok,36.8298752,10.1454111,way,320311916,amenity,university,"École nationale supérieure d'ingénieurs de Tunis, Rue Bechir Salem Belkheria, Colisée Soula, El Manar (1), Délégation El Menzah, Tunis, Gouvernorat Tunis, 2092, Tunisie",2026-10-03,"École Nationale d'Ingénieurs de Tunis, Tunis, Tunisia"
tn-ensi,not_found,,,,,,,,2026-10-03,"École Nationale des Sciences de l'Informatique, Manouba, Tunisia"
tn-ensit,ok,36.8298752,10.1454111,way,320311916,amenity,university,"École nationale supérieure d'ingénieurs de Tunis, Rue Bechir Salem Belkheria, Colisée Soula, El Manar (1), Délégation El Menzah, Tunis, Gouvernorat Tunis, 1030, Tunisie",2026-10-03,"École Nationale Supérieure d'Ingénieurs de Tunis, Tunis, Tunisia"
tn-esprit,not_found,,,,,,,,2026-10-03,"École Supérieure Privée d'Ingénierie et de Technologies, Ariana, Tunisia"
tn-fdspt,not_found,,,,,,,,2026-10-03,"Faculté de Droit et des Sciences Politiques de Tunis, Tunis, Tunisia"
tn-flah-manouba,not_found,,,,,,,,2026-10-03,"Faculté des Lettres, des Arts et des Humanités de la Manouba, Manouba, Tunisia"
tn-fm-monastir,ok,35.7679896,10.8332924,way,210400488,amenity,university,"Faculté de Médecine de Monastir, Rue Fattouma Bourguiba, El Medina 2, Délégation Monastir, Gouvernorat Monastir, 5000, Tunisie",2026-10-03,"Faculté de Médecine de Monastir, Monastir, Tunisia"
tn-fm-sfax,ok,34.7383718,10.7520452,way,28747074,amenity,university,"Faculté de Médecine de Sfax, Boulevard Majida Boulila, Markez Chaker, Merkez Chaker, Délégation Sfax Ouest, Gouvernorat Sfax, 3027, Tunisie",2026-10-03,"Faculté de Médecine de Sfax, Sfax, Tunisia"
tn-fm-sousse,ok,35.8285306,10.6258940,way,669302675,amenity,university,"Faculté de médecine de Sousse, Avenue Mohamed Karoui, Sousse, Hached, Délégation Sousse Jaouhara, Gouvernorat Sousse, 4000, Tunisie",2026-10-03,"Faculté de Médecine de Sousse, Sousse, Tunisia"
tn-fmt,ok,36.8039572,10.1560600,way,95139164,amenity,university,"Faculté de Médecine de Tunis, Rue Djebel Akhdar, Borj Zouara, Borj Flifel, Borj Zouara, Délégation Bab Souika, Tunis, Gouvernorat Tunis, 1029, Tunisie",2026-10-03,"Faculté de Médecine de Tunis, Tunis, Tunisia"
tn-fphm,ok,35.7645298,10.8292445,way,210400457,amenity,university,"Faculté de Pharmacie de Monastir, Avenue Avicenne, Monastir, El Medina 2, Délégation Monastir, Gouvernorat Monastir, 5000, Tunisie",2026-10-03,"Faculté de Pharmacie de Monastir, Monastir, Tunisia"
tn-fseg-tunis,ok,36.8321463,10.1517169,way,34613596,amenity,university,"Faculté des Sciences Économiques et de Gestion de Tunis, Rue Bechir Salem Belkheria, Colisée Soula, El Manar (1), Délégation El Menzah, Tunis, Gouvernorat Tunis, 2092, Tunisie",2026-10-03,"Faculté des Sciences Économiques et de Gestion de Tunis, Tunis, Tunisia"
tn-fshst,ok,36.7952979,10.1627717,way,95130055,amenity,university,"Faculté des Sciences Humaines et Sociales de Tunis, Avenue Mustapha Khaznadar, El Mellassine, Ali Belhouane, Délégation Essijoumi, Tunis, Gouvernorat Tunis, 1020, Tunisie",2026-10-03,"Faculté des Sciences Humaines et Sociales de Tunis, Tunis, Tunisia"
tn-fsm,ok,35.7647647,10.8057516,way,687347611,amenity,university,"Faculté des Sciences de Monastir, Avenue de l'Environnement, Monastir, El Halia 2, Délégation Monastir, Gouvernorat Monastir, 5019, Tunisie",2026-10-03,"Faculté des Sciences de Monastir, Monastir, Tunisia"
tn-fst,ok,36.8328327,10.1480730,node,10295304110,highway,bus_stop,"FACULTÉ des SCIENCES DE TUNIS, Rue Bechir Salem Belkheria, Colisée Soula, El Manar (1), Délégation El Menzah, Tunis, Gouvernorat Tunis, 2092, Tunisie",2026-10-03,"Faculté des Sciences de Tunis, Tunis, Tunisia"
tn-gabes,ok,33.8878082,10.1004400,node,287544603,place,city,"Gabès, Secteur 4, Délégation Gabès Ville, Gouvernorat Gabès, 6001, Tunisie",2026-10-03,"Gabès, Tunisia"
tn-gafsa,ok,34.4224374,8.7843862,node,287545859,place,city,"Gafsa, Oued Ailou, Délégation Gafsa Sud, Gouvernorat Gafsa, 2100, Tunisie",2026-10-03,"Gafsa, Tunisia"
tn-ihec-carthage,ok,36.8622779,10.3378076,way,93265409,amenity,university,"Institut des Hautes Etudes Commerciales de Carthage (IHEC Carthage), Impasse Gildon, Carthage Plage, Carthage, Tunis, Gouvernorat Tunis, 1054, Tunisie",2026-10-03,"Institut des Hautes Études Commerciales de Carthage, Carthage, Tunisia"
tn-inat,ok,36.8453699,10.1918482,way,105557715,amenity,university,"Institut National de Recherche Agronomique de Tunisie, Rue Ali Bellagha, El Menzah 1, Hay Es Salem, Délégation Cité El Khadra, Tunis, Gouvernorat Tunis, 1080, Tunisie",2026-10-03,"Institut National Agronomique de Tunisie, Tunis, Tunisia"
tn-insat,not_found,,,,,,,,2026-10-03,"Institut National des Sciences Appliquées et de Technologie, Tunis, Tunisia"
tn-iscae,not_found,,,,,,,,2026-10-03,"Institut Supérieur de Comptabilité et d'Administration des Entreprises, Manouba, Tunisia"
tn-iset-rades,not_found,,,,,,,,2026-10-03,"Institut Supérieur des Études Technologiques de Radès, Radès, Tunisia"
tn-isg-tunis,ok,36.8045066,10.1513051,way,180268041,amenity,college,"Institut Supérieur de Gestion de Tunis (ISG), Avenue de la Liberté, Borj Zouara, Borj Flifel, Borj Zouara, Délégation Bab Souika, Tunis, Gouvernorat Tunis, 2000, Tunisie",2026-10-03,"Institut Supérieur de Gestion de Tunis, Tunisia"
tn-isi-ariana,not_found,,,,,,,,2026-10-03,"Institut Supérieur d'Informatique, Ariana, Tunisia"
tn-isims,ok,34.8391099,10.7571244,way,205932543,amenity,university,"Institut Supérieur d'Informatique et de Multimédia de Sfax (ISIMSF), Route Nationale Tunis - Ras Jedir, El Ons, Délégation Sakiet Ezzit, Gouvernorat Sfax, 3054, Tunisie",2026-10-03,"Institut Supérieur d'Informatique et de Multimédia de Sfax, Sfax, Tunisia"
tn-isitcom,not_found,,,,,,,,2026-10-03,"Institut Supérieur d'Informatique et des Techniques de Communication, Hammam Sousse, Tunisia"
tn-jendouba,ok,36.6779726,8.7526470,relation,1435834,boundary,administrative,"Gouvernorat Jendouba, Tunisie",2026-10-03,"Jendouba, Tunisia"
tn-kairouan,ok,35.6710101,10.1006200,node,287543904,place,city,"Kairouan, Keblia Sud, Délégation Kairouan Sud, Gouvernorat Kairouan, 3172, Tunisie",2026-10-03,"Kairouan, Tunisia"
tn-kasserine,ok,35.1687646,8.8365654,node,287547703,place,city,"Kasserine, El Bassatine, Délégation Kasserine Nord, Gouvernorat Kasserine, 1200, Tunisie",2026-10-03,"Kasserine, Tunisia"
tn-kebili,ok,33.3387702,8.7032910,relation,1434950,boundary,administrative,"Gouvernorat Kébili, Tunisie",2026-10-03,"Kébili, Tunisia"
tn-le-kef,ok,36.0357643,8.7249381,relation,1435838,boundary,administrative,"Gouvernorat Le Kef, Tunisie",2026-10-03,"Le Kef, Tunisia"
tn-mahdia,ok,35.5036420,11.0682429,node,287621836,place,city,"Mahdia, Délégation Mahdia, Gouvernorat Mahdia, 5129, Tunisie",2026-10-03,"Mahdia, Tunisia"
tn-manouba,ok,36.7624363,9.8336191,relation,1435828,boundary,administrative,"Gouvernorat La Manouba, Tunisie",2026-10-03,"Manouba, Tunisia"
tn-manouba-denden,ok,36.8010998,10.1095729,node,10295305219,highway,bus_stop,"DENDEN (Aller), Route Nationale Tunis - Sakiet Sidi Youssef, Den - Den Sud, Délégation Manouba‬‬, Gouvernorat La Manouba, 2011, Tunisie",2026-10-03,"Denden, Manouba, Tunisia"
tn-medenine,ok,32.9819987,11.2870254,relation,1434952,boundary,administrative,"Gouvernorat Médenine, Tunisie",2026-10-03,"Médenine, Tunisia"
tn-monastir,ok,35.7707582,10.8280511,node,287553320,place,city,"Monastir, El Medina, Délégation Monastir, Gouvernorat Monastir, 5000, Tunisie",2026-10-03,"Monastir, Tunisia"
tn-monastir-airport,ok,35.7589162,10.7517874,way,96253011,aeroway,aerodrome,"Aéroport international de Monastir Habib-Bourguiba, RR 92 طج, Skanes, Délégation Monastir, Gouvernorat Monastir, 5060, Tunisie",2026-10-03,"Aéroport international de Monastir Habib-Bourguiba, Monastir, Tunisia"
tn-monastir-ksar-hellal,ok,35.6443898,10.8891403,node,1212253275,place,town,"Ksar Hellal, Délégation Ksar Hellal, Gouvernorat Monastir, 5070, Tunisie",2026-10-03,"Ksar Hellal, Monastir, Tunisia"
tn-monastir-moknine,ok,35.6282570,10.9001327,relation,8893246,place,town,"Moknine, Délégation Moknine, Gouvernorat Monastir, Tunisie",2026-10-03,"Moknine, Monastir, Tunisia"
tn-monastir-ribat,ok,35.7761594,10.8329114,way,29152256,tourism,attraction,"Le Ribat, Rue Bab Tunis, Er-Rbat, Délégation Monastir, Gouvernorat Monastir, 5000, Tunisie",2026-10-03,"Ribat de Monastir, Monastir, Tunisia"
tn-monastir-skanes,ok,35.7660220,10.7774352,relation,7105683,boundary,administrative,"Skanes, Délégation Monastir, Gouvernorat Monastir, 5060, Tunisie",2026-10-03,"Skanes, Monastir, Tunisia"
tn-nabeul,ok,36.4512897,10.7355915,node,287534172,place,city,"Nabeul, Al Hadaek, Délégation Nabeul, Gouvernorat Nabeul, 8000, Tunisie",2026-10-03,"Nabeul, Tunisia"
tn-sfax,ok,34.7394361,10.7604024,node,287001619,place,city,"Sfax, La Médina, Délégation Sfax Ville, Gouvernorat Sfax, 3000, Tunisie",2026-10-03,"Sfax, Tunisia"
tn-sfax-airport,ok,34.7168219,10.6886240,way,97284445,aeroway,aerodrome,"Aéroport international de Sfax-Thyna, Rue du Congo, Cité El Bahri, Délégation Sfax Ouest, Gouvernorat Sfax, 3064, Tunisie",2026-10-03,"Aéroport international de Sfax-Thyna, Sfax, Tunisia"
tn-sfax-el-jadida,ok,34.7402587,10.7552176,node,494264588,place,suburb,"Sfax El Jadida, Sfax, La Médina, Délégation Sfax Ville, Gouvernorat Sfax, 3000, Tunisie",2026-10-03,"Sfax El Jadida, Sfax, Tunisia"
tn-sfax-gare,ok,34.7344086,10.7667830,way,39972265,amenity,parking,"Parking de la gare, Rue de Tazarka, Bab Bhar, Délégation Sfax Ville, Gouvernorat Sfax, 3001, Tunisie",2026-10-03,"Gare de Sfax, Sfax, Tunisia"
tn-sfax-medina,ok,34.7394888,10.7541028,node,5063646023,amenity,bank,"BIAT Sfax El Jadida, T20MUN0011, Sfax El Jadida, Sfax, La Médina, Délégation Sfax Ville, Gouvernorat Sfax, 3027, Tunisie",2026-10-03,"Médina de Sfax, Sfax, Tunisia"
tn-sfax-sakiet-eddaier,ok,34.7896235,10.7800417,node,479938481,place,town,"Sakiet Eddaïer, Sakiet Eddaier, Délégation Sakiet Eddaier, Gouvernorat Sfax, 3011, Tunisie",2026-10-03,"Sakiet Eddaïer, Sfax, Tunisia"
tn-sfax-sakiet-ezzit,ok,34.8023823,10.7613107,node,479938480,place,town,"Sakiet Ezzit, Délégation Sakiet Ezzit, Gouvernorat Sfax, 3021, Tunisie",2026-10-03,"Sakiet Ezzit, Sfax, Tunisia"
tn-sfax-thyna,ok,34.6880150,10.7075059,node,6680613723,place,village,"Thyna, Délégation Thyna, Gouvernorat Sfax, 3083, Tunisie",2026-10-03,"Thyna, Sfax, Tunisia"
tn-sidi-bouzid,ok,34.8811810,9.5263598,relation,1435831,boundary,administrative,"Gouvernorat Sidi Bouzid, Tunisie",2026-10-03,"Sidi Bouzid, Tunisia"
tn-siliana,ok,35.9715323,9.3577129,relation,1435829,boundary,administrative,"Gouvernorat Siliana, Tunisie",2026-10-03,"Siliana, Tunisia"
tn-sousse,ok,35.8288284,10.6405254,relation,8896987,place,city,"Sousse, Délégation Sousse Medina, Gouvernorat Sousse, Tunisie",2026-10-03,"Sousse, Tunisia"
tn-sousse-boujaafar,ok,35.8370386,10.6364946,way,104314904,natural,beach,"Plage BouJaafar, Boujaafar, Délégation Sousse Medina, Gouvernorat Sousse, Tunisie",2026-10-03,"Plage Boujaafar, Sousse, Tunisia"
tn-sousse-gare,ok,35.7965791,10.5496945,node,9412730796,information,guidepost,"Gare de Péage de Sousse 2000m, Autoroute Tunis - Sousse - Sfax, El Kalaa Essghira Ville, Délégation Kalaa Sghira, Gouvernorat Sousse, 4021, Tunisie",2026-10-03,"Gare de Sousse, Sousse, Tunisia"
tn-sousse-hammam-sousse,ok,35.8749788,10.5935183,relation,7150105,boundary,administrative,"Délégation Hammam Sousse, Gouvernorat Sousse, Tunisie",2026-10-03,"Hammam Sousse, Tunisia"
tn-sousse-khezama,ok,35.8442953,10.6189498,way,26540781,highway,secondary,"Avenue Khezama, Sousse, Khzema, Délégation Sousse Medina, Gouvernorat Sousse, 4001, Tunisie",2026-10-03,"Khezama, Sousse, Tunisia"
tn-sousse-medina,ok,35.8268972,10.6407683,node,2094047694,amenity,bank,"Banc de Tunésie, Avenue Mohamed Ali, El Medina, Sousse, Mohamed Maarouf, Délégation Sousse Medina, Gouvernorat Sousse, 4059, Tunisie",2026-10-03,"Médina de Sousse, Sousse, Tunisia"
tn-sousse-msaken,ok,35.7252583,10.5832842,node,6681328578,place,village,"Msaken, Ettouara Sud, Délégation Msaken, Gouvernorat Sousse, 4099, Tunisie",2026-10-03,"Msaken, Sousse, Tunisia"
tn-sousse-port-el-kantaoui,ok,35.8936974,10.5965202,node,1542566698,place,suburb,"Port El-Kantaoui, El Kantaoui, Délégation Hammam Sousse, Gouvernorat Sousse, 4089, Tunisie",2026-10-03,"Port El Kantaoui, Sousse, Tunisia"
tn-sousse-riadh,ok,35.8046068,10.5960395,relation,7150108,boundary,administrative,"Délégation Sousse Erriadh, Gouvernorat Sousse, Tunisie",2026-10-03,"Sousse Riadh, Sousse, Tunisia"
tn-sousse-sahloul,ok,35.8473584,10.5796445,relation,7106543,boundary,administrative,"Sahloul, Délégation Hammam Sousse, Gouvernorat Sousse, 4011, Tunisie",2026-10-03,"Sahloul, Sousse, Tunisia"
tn-supcom,not_found,,,,,,,,2026-10-03,"École Supérieure des Communications de Tunis, Ariana, Tunisia"
tn-tataouine,ok,31.7317009,9.7702197,relation,1434953,boundary,administrative,"Gouvernorat Tataouine, Tunisie",2026-10-03,"Tataouine, Tunisia"
tn-tbs,ok,36.7208565,10.2355033,way,256776424,amenity,university,"Tunis Business School, Autoroute A1 - Sortie Hammam-Lif, Mornag - Ben Arous, El Yasminet, Délégation La Nouvelle Médina, Gouvernorat Ben Arous, 2059, Tunisie",2026-10-03,"Tunis Business School, Ben Arous, Tunisia"
tn-tozeur,ok,33.9239001,8.1370639,node,298018887,place,town,"Tozeur, El Keitna, Délégation Tozeur, Gouvernorat Tozeur, 2210, Tunisie",2026-10-03,"Tozeur, Tunisia"
tn-tunis,ok,36.8002068,10.1857757,relation,8896976,place,city,"Tunis, Gouvernorat Tunis, Tunisie",2026-10-03,"Tunis, Tunisia"
tn-tunis-ain-zaghouan,ok,36.8548305,10.2847586,way,100982066,landuse,residential,"Ain Zaghouan, El Bouhaira, Le Kram, Tunis, Gouvernorat Tunis, Tunisie",2026-10-03,"Aïn Zaghouan, Tunis, Tunisia"
tn-tunis-avenue-habib-bourguiba,ok,36.8258362,10.3111726,way,26208831,highway,secondary,"Avenue Habib Bourguiba, Kheredine, Délégation La Goulette, Tunis, Gouvernorat Tunis, 2060, Tunisie",2026-10-03,"Avenue Habib Bourguiba, Tunis, Tunisia"
tn-tunis-bab-alioua,ok,36.7886443,10.1803581,way,1323672308,highway,platform,"Bab Alioua, Rue Sidi El Bechir, Sidi El Bechir, Délégation Sidi El Béchir, Tunis, Gouvernorat Tunis, 1151, Tunisie",2026-10-03,"Bab Alioua, Tunis, Tunisia"
tn-tunis-bab-bhar,ok,36.8008217,10.1993510,relation,4133740,boundary,administrative,"Délégation Bab Bhar, Tunis, Gouvernorat Tunis, Tunisie",2026-10-03,"Bab El Bhar, Tunis, Tunisia"
tn-tunis-bab-el-khadra,ok,36.8103900,10.1713323,relation,7201470,boundary,administrative,"Bab El Khadra, Délégation Bab Souika, Tunis, Gouvernorat Tunis, Tunisie",2026-10-03,"Bab El Khadra, Tunis, Tunisia"
tn-tunis-bab-saadoun,ok,36.8085956,10.1590082,node,470558251,historic,city_gate,"Bab Saadoun, Borj Flifel, Borj Zouara, Délégation Bab Souika, Tunis, Gouvernorat Tunis, 1029, Tunisie",2026-10-03,"Bab Saadoun, Tunis, Tunisia"
tn-tunis-belvedere,ok,36.8184299,10.1770408,node,10295304448,highway,bus_stop,"LE BELVÉDÈRE, Avenue Taïeb Mhiri, Hedi Chaker, Délégation Bab Bhar, Tunis, Gouvernorat Tunis, 1075, Tunisie",2026-10-03,"Le Belvédère, Tunis, Tunisia"
tn-tunis-berges-du-lac,ok,36.8350921,10.2388419,node,1187255756,place,suburb,"Les Berges du Lac, El Bouhaira, Délégation Cité El Khadra, Tunis, Gouvernorat Tunis, 1055, Tunisie",2026-10-03,"Les Berges du Lac, Tunis, Tunisia"
tn-tunis-berges-du-lac-1,ok,36.8350921,10.2388419,node,1187255756,place,suburb,"Les Berges du Lac, El Bouhaira, Délégation Cité El Khadra, Tunis, Gouvernorat Tunis, 1055, Tunisie",2026-10-03,"Les Berges du Lac 1, Tunis, Tunisia"
tn-tunis-berges-du-lac-2,ok,36.8350921,10.2388419,node,1187255756,place,suburb,"Les Berges du Lac, El Bouhaira, Délégation Cité El Khadra, Tunis, Gouvernorat Tunis, 1055, Tunisie",2026-10-03,"Les Berges du Lac 2, Tunis, Tunisia"
tn-tunis-carthage,ok,36.8548083,10.3309924,node,1136727225,place,city,"Carthage, Tunis, Gouvernorat Tunis, 2016, Tunisie",2026-10-03,"Carthage, Tunis, Tunisia"
tn-tunis-carthage-airport,ok,36.8518485,10.2295044,way,94666415,aeroway,aerodrome,"Aéroport international de Tunis–Carthage, Passage du Lac Ladoga, Les Berges du Lac, El Bouhaira, Délégation Cité El Khadra, Tunis, Gouvernorat Tunis, 1055, Tunisie",2026-10-03,"Aéroport international de Tunis-Carthage, Tunis, Tunisia"
tn-tunis-centre-urbain-nord,ok,36.8507941,10.1912271,node,243994300,highway,motorway_junction,"Centre Urbain Nord, Boulevard Mohamed Bouazizi, El Menzah 1, Hay Es Salem, Délégation Cité El Khadra, Tunis, Gouvernorat Tunis, 1080, Tunisie",2026-10-03,"Centre Urbain Nord, Tunis, Tunisia"
tn-tunis-centre-ville,ok,36.8267581,10.1997985,node,1096179621,highway,motorway_junction,"Sousse, Centre ville, Route Nationale 9 Tunis - La Marsa, Cité El Khadra, Farhat Hached, Délégation Cité El Khadra, Tunis, Gouvernorat Tunis, 1073, Tunisie",2026-10-03,"Centre Ville, Tunis, Tunisia"
tn-tunis-charguia-1,ok,36.8288636,10.2010967,node,10295304350,highway,bus_stop,"CHARGUIA 1, Route Nationale Tunis - Bizerte, Ech-Charguia, Délégation Cité El Khadra, Tunis, Gouvernorat Tunis, 1003, Tunisie",2026-10-03,"Charguia 1, Tunisia"
tn-tunis-cite-el-khadra,ok,36.8321650,10.1927160,relation,7201241,boundary,administrative,"Cite El Khadra, Délégation Cité El Khadra, Tunis, Gouvernorat Tunis, Tunisie",2026-10-03,"Cité El Khadra, Tunis, Tunisia"
tn-tunis-dar-fadhal,ok,36.8653305,10.2425306,relation,7114903,boundary,administrative,"Dar Fadhal, Délégation Soukra, Gouvernorat Ariana, Tunisie",2026-10-03,"Dar Fadhal, La Soukra, Tunisia"
tn-tunis-el-aouina,ok,36.8526090,10.2659363,way,128946405,place,town,"El Aouina, Gouvernorat Tunis, 2045, Tunisie",2026-10-03,"El Aouina, Tunis, Tunisia"
tn-tunis-el-manar,ok,36.8439750,10.1539353,relation,7201547,boundary,administrative,"El Manar, Délégation El Menzah, Tunis, Gouvernorat Tunis, Tunisie",2026-10-03,"El Manar, Tunis, Tunisia"
tn-tunis-el-manar-1,ok,36.8370597,10.1477835,relation,7201546,boundary,administrative,"El Manar (1), Délégation El Menzah, Tunis, Gouvernorat Tunis, Tunisie",2026-10-03,"El Manar 1, Tunis, Tunisia"
tn-tunis-el-manar-2,ok,36.8423974,10.1571247,node,1191111511,place,suburb,"El Manar 2, El Manar, Délégation El Menzah, Tunis, Gouvernorat Tunis, 7102, Tunisie",2026-10-03,"El Manar 2, Tunis, Tunisia"
tn-tunis-el-manar-3,ok,36.8439750,10.1539353,relation,7201547,boundary,administrative,"El Manar, Délégation El Menzah, Tunis, Gouvernorat Tunis, Tunisie",2026-10-03,"El Manar 3, Tunis, Tunisia"
tn-tunis-el-omrane,ok,36.8212582,10.1531771,relation,4133432,boundary,administrative,"Délégation El Omrane, Tunis, Gouvernorat Tunis, Tunisie",2026-10-03,"El Omrane, Tunis, Tunisia"
tn-tunis-gammarth,ok,36.9051527,10.2982512,relation,7062758,boundary,administrative,"Gammarth, Délégation La Marsa, Tunis, Gouvernorat Tunis, 1057, Tunisie",2026-10-03,"Gammarth, Tunis, Tunisia"
tn-tunis-jardins-de-carthage,ok,36.8547834,10.2985614,way,100982074,place,suburb,"Les Jardins de Carthage, Le Kram, Tunis, Gouvernorat Tunis, 1090, Tunisie",2026-10-03,"Les Jardins de Carthage, Tunis, Tunisia"
tn-tunis-kasbah,ok,36.7975292,10.1670117,way,95130066,place,square,"Place de la Kasbah, Bab Jedid, Bab Mnara, Délégation Médina, Tunis, Gouvernorat Tunis, Tunisie",2026-10-03,"Place de la Kasbah, Tunis, Tunisia"
tn-tunis-la-goulette,ok,36.8159278,10.3042378,node,283645091,place,town,"La Goulette, Tunis, Gouvernorat Tunis, 2060, Tunisie",2026-10-03,"La Goulette, Tunis, Tunisia"
tn-tunis-la-marsa,ok,36.8790882,10.3276780,node,287547219,place,town,"La Marsa, Tunis, Gouvernorat Tunis, 2070, Tunisie",2026-10-03,"La Marsa, Tunis, Tunisia"
tn-tunis-lafayette,ok,36.8132110,10.1815418,node,1260351290,place,suburb,"Lafayette, Les Jardins, Délégation Bab Bhar, Tunis, Gouvernorat Tunis, 1075, Tunisie",2026-10-03,"Lafayette, Tunis, Tunisia"
tn-tunis-le-bardo,ok,36.8139969,10.1363018,way,103825771,place,town,"Le Bardo, Tunis, Gouvernorat Tunis, 2000, Tunisie",2026-10-03,"Le Bardo, Tunisia"
tn-tunis-le-kram,ok,36.8348312,10.3181518,node,1136725873,place,town,"Le Kram, Tunis, Gouvernorat Tunis, 2015, Tunisie",2026-10-03,"Le Kram, Tunis, Tunisia"
tn-tunis-marine,ok,36.8006695,10.1918785,way,93265486,building,train_station,"Tunis Marine, Avenue Habib Bourguiba, Lac De Tunis, Délégation Bab Bhar, Tunis, Gouvernorat Tunis, 1151, Tunisie",2026-10-03,"Tunis Marine, Tunis, Tunisia"
tn-tunis-medina,ok,36.7986935,10.1717399,way,95197171,tourism,attraction,"Médina de Tunis, Rue du Pacha, Souk El Nhes, Délégation Médina, Tunis, Gouvernorat Tunis, 1020, Tunisie",2026-10-03,"Médina de Tunis, Tunis, Tunisia"
tn-tunis-montplaisir,ok,36.8170312,10.1863745,node,1261495436,place,suburb,"Montplaisir, Khereiddine Pacha, Délégation Cité El Khadra, Tunis, Gouvernorat Tunis, 1073, Tunisie",2026-10-03,"Montplaisir, Tunis, Tunisia"
tn-tunis-mutuelleville,ok,36.8334618,10.1708613,node,1217741814,place,suburb,"Mutuelleville, 01 Juin, Délégation El Menzah, Tunis, Gouvernorat Tunis, 1082, Tunisie",2026-10-03,"Mutuelleville, Tunis, Tunisia"
tn-tunis-passage,ok,36.8047850,10.1781888,way,32900387,leisure,park,"Jardin Habib Thameur, Mongi Slim, Délégation Bab Bhar, Tunis, Gouvernorat Tunis, Tunisie",2026-10-03,"Passage, Tunis, Tunisia"
tn-tunis-place-barcelone,ok,36.7969221,10.1811423,node,12252557212,highway,bus_stop,"Place Barcelone, Rue Abou Kozman, Bab El Bhar, Délégation Bab Bhar, Tunis, Gouvernorat Tunis, 1000, Tunisie",2026-10-03,"Place Barcelone, Tunis, Tunisia"
tn-tunis-republique,ok,36.8064901,10.1807651,node,616142063,railway,stop,"Place de la République, Avenue du Ghana, Lafayette, Les Jardins, Délégation Bab Bhar, Tunis, Gouvernorat Tunis, 1017, Tunisie",2026-10-03,"Place de la République, Tunis, Tunisia"
tn-tunis-sidi-bou-said,ok,36.8710935,10.3490516,relation,7116249,boundary,administrative,"Sidi Bou Said, Carthage, Tunis, Gouvernorat Tunis, 2026, Tunisie",2026-10-03,"Sidi Bou Saïd, Tunis, Tunisia"
tn-tunis-tunisia-mall,ok,36.8477955,10.2791107,way,535372054,shop,mall,"Tunisia Mall, Rue de l'Ile de Zembretta, Cité des Pins, Taieb Mhiri, Délégation La Goulette, Tunis, Gouvernorat Tunis, 1053, Tunisie",2026-10-03,"Tunisia Mall, Tunis, Tunisia"
tn-univ-manouba,ok,36.8129386,10.0618995,node,5806301475,railway,station,"Campus Universitaire, Route Régionale Denden - Bejaoua, La Manouba, Sidi Amor, Délégation Manouba‬‬, Gouvernorat La Manouba, 2010, Tunisie",2026-10-03,"Campus Universitaire de la Manouba, Manouba, Tunisia"
tn-zaghouan,ok,36.3319504,10.0453000,relation,1435837,boundary,administrative,"Gouvernorat Zaghouan, Tunisie",2026-10-03,"Zaghouan, Tunisia"
